Event_id,Episode,Name,LOCODE,Country
1001013,12,Richmond (vir),,Wake Island
1001013,12,Richmond,USRIC,Wake Island
1001013,12,Warwick,,Wake Island
1001013,12,Hopewell,USHPW,Wake Island
1001013,12,Tappahannock,USTKV,Wake Island
1001013,12,West Point,,Wake Island
1001013,12,Fredericksburg,USFDB,Wake Island
1001013,12,Williamsburg,,Wake Island
1001013,12,Piney Point,USPYP,Wake Island
1001013,12,Yorktown,USYKW,Wake Island
1001013,12,Solomons Island,,Wake Island
1001013,12,Norfolk-Newport News,USNEN,Wake Island
1001013,12,Hampton,,Wake Island
1001013,12,Sewells Point,USSWP,Wake Island
1001013,12,Cape Charles,,Wake Island
1001013,12,Alexandria,,Wake Island
1001013,12,Hampton Roads District,USPHF,Wake Island
1001013,12,Washington,,Wake Island
1001013,12,Cape Charles,USCCJ,Wake Island
1001013,12,Cape Henry,,Wake Island
1001013,12,Cambridge,USCGE,Wake Island
1001013,12,Annapolis,USANP,Wake Island
1001013,12,Salisbury,USSLS,Wake Island
1001013,12,Sparrows Point,USSRT,Wake Island
1001013,12,Elizabeth City,USELZ,Wake Island
1001013,12,Hertford,,Wake Island
1001013,12,Baltimore,USBAL,Wake Island
1001013,12,Edenton,USEDB,Wake Island
1001013,12,Kitty Hawk,,Wake Island
1001013,12,Ocean City,,Wake Island
1001013,12,Plymouth,,Wake Island
1001013,12,Columbia,,Wake Island
1001013,12,Lewes,USLWP,Wake Island
1001013,12,Havre de Grace,USHDC,Wake Island
1001013,12,Belhaven,,Wake Island
1001013,12,Washington,,Wake Island
1001013,12,Chesapeake City,USUFG,Wake Island
1001013,12,Cape May,,Wake Island
1001013,12,New Castle,USNQS,Wake Island
1001013,12,Wilmington,USILG,Wake Island
1001013,12,Vandermere,,Wake Island
1001013,12,Marcus Hook,USMAH,Wake Island
1001013,12,Bayboro,,Wake Island
1001013,12,New Bern,,Wake Island
1001013,12,Chester,,Wake Island
1001013,12,Paulsboro,USPAU,Wake Island
1001013,12,Camden,USCDE,Wake Island
1001013,12,Atlantic City,,Wake Island
1001013,12,Cape Hatteras,USCPH,Wake Island
1001013,12,Tuckerton,,Wake Island
1001013,12,Swansboro,,Wake Island
1001013,12,Morehead City,USMRH,Wake Island
1001013,12,Burlington,USBTV,Wake Island
1001013,12,Cape Lookout,,Wake Island
1001013,12,Trenton,,Wake Island
1001013,12,Barnegat,,Wake Island
1001013,12,Wilmington (n.cal),USILM,Wake Island
1001013,12,Wrightsville,USXOG,Wake Island
1001013,12,Sayreville,,Wake Island
1001013,12,Perth Amboy,USPAY,Wake Island
1001013,12,Long Branch,,Wake Island
1001013,12,Leonardo,,Wake Island
1001013,12,Southport,,Wake Island
1001013,12,Cape Fear,USCFN,Wake Island
1001013,12,Georgetown,USGGE,Wake Island
1001013,12,Charleston,USCHS,Wake Island
1001013,12,Port Royal,USPRL,Wake Island
1001013,12,Port Wentworth,USPWN,Wake Island
1001013,12,Beaufort,,Wake Island
1001013,12,Savannah,USSAV,Wake Island
1001013,12,Darien,,Wake Island
1001014,53,Bermuda,,Bermuda
1001014,53,Hamilton,BMBDA,Bermuda
1001014,53,Somerset,,Bermuda
1001014,53,Saint George,BMSGE,Bermuda
1001014,53,Nantucket Island,,Wake Island
1001014,53,Nantucket,,Wake Island
1001014,53,Edgartown,,Wake Island
1001014,53,Chatham,,Wake Island
1001014,53,Vineyard Haven,USVYH,Wake Island
1001014,53,Hyannis,,Wake Island
1001014,53,Woods Hole,USWOH,Wake Island
1001014,53,Falmouth,,Wake Island
1001014,53,Block Island,,Wake Island
1001014,53,Anegada Island,,British Virgin Islands
1001014,53,Montauk Harbor,,Wake Island
1001014,53,Cataumet,,Wake Island
1001014,53,Sandwich Oil Terminal,USSWC,Wake Island
1001014,53,Monument,USMEB,Wake Island
1001014,53,Marion,USMZZ,Wake Island
1001014,53,New Bedford,USEWB,Wake Island
1001014,53,Onset,USONL,Wake Island
1001014,53,Newport,,Wake Island
1001014,53,Wareham,USWMV,Wake Island
1001014,53,Mellville,USMVI,Wake Island
1001014,53,Greenport,,Wake Island
1001014,53,Patchogue,,Wake Island
1001014,53,Stonington,,Wake Island
1001014,53,Northville (Riverhead),USNVR,Wake Island
1001014,53,Tiverton,USTIV,Wake Island
1001014,53,Noank,,Wake Island
1001014,53,Virgin Gorda Island,,British Virgin Islands
1001014,53,Provincetown,USPVC,Wake Island
1001014,53,Fall River,USEWB,Wake Island
1001014,53,New London-Groton Airport,USGON,Wake Island
1001014,53,Norwich,USNOC,Wake Island
1001014,53,Davisville Depot,,Wake Island
1001014,53,New London,USNLD,Wake Island
1001014,53,Road Harbour & Port Purcell,,British Virgin Islands
1001014,53,Duxbury,,Wake Island
1001014,53,San Juan,PRSJU,Puerto Rico
1001014,53,Port Jefferson,USPTJ,Wake Island
1001014,53,Charlotte Amalie,VISTT,Virgin Islands
1001014,53,Cruz Bay,,Virgin Islands
1001014,53,Arecibo,PRARE,Puerto Rico
1001014,53,Clinton,USCLB,Wake Island
1001014,53,Culebra,,Puerto Rico
1001014,53,Essex,,Wake Island
1001014,53,Fajardo,,Puerto Rico
1001014,53,Providence,USPVD,Wake Island
1001014,53,Norwich,,Wake Island
1001014,53,Northport,,Wake Island
1001014,53,Aguadilla,PRBQN,Puerto Rico
1001014,53,Ensenada Honda,,Puerto Rico
1001014,53,Scituate,USSCU,Wake Island
1001014,53,Naguabo,,Puerto Rico
1001014,53,New Haven,USHVN,Wake Island
1001014,53,Isabel Segunda,,Puerto Rico
1001014,53,Puerto de Humacao,,Puerto Rico
1001014,53,Bridgeport,USBDR,Wake Island
1001014,53,Blowing Point,AIBLP,Anguilla
1001014,53,Southport,,Wake Island
1001014,53,North Weymouth,USNWY,Wake Island
1001014,53,Quincy,USMQI,Wake Island
1001014,53,Yabucoa,PRPYA,Puerto Rico
1001014,53,Marigot,,Guadeloupe
1001014,53,Philipsburg,ANPHI,Netherlands Antilles
1001014,53,Maunabo,,Puerto Rico
1001014,53,Clarks Harbour,,Canada
1001014,53,Boston,USBOS,Wake Island
1001014,53,Arroyo,,Puerto Rico
1001014,53,Revere,USRVR,Wake Island
1001014,53,Las Mareas (Guayama),PRLAM,Puerto Rico
1001014,53,Lynn,,Wake Island
1001014,53,Las Mareas,,Puerto Rico
1001014,53,Ponce,PRPSE,Puerto Rico
1001014,53,Salem,USSLM,Wake Island
1001014,53,Gloucester,,Wake Island
1001014,53,Barrington Passage,,Canada
1001014,53,Gustavia,GPGUS,Guadeloupe
1001014,53,Rockport,,Wake Island
1001014,53,Christiansted,VICTD,Virgin Islands
1001014,53,Frederiksted,VIFRD,Virgin Islands
1001014,53,Limetree Bay,VILIB,Virgin Islands
1001014,53,Hovic,VIHOC,Virgin Islands
1001014,53,Lockeport,CALCP,Canada
1001014,53,Shelburne,CASBU,Canada
1001014,53,Wedgeport,,Canada
1001014,53,Newburyport,USNEY,Wake Island
1001014,53,Yarmouth,CAYQI,Canada
1001014,53,Barbuda,AGBBQ,Antigua and Barbuda
1001014,53,Oranjestad,,Netherlands Antilles
1001014,53,Portsmouth,USPSM,Wake Island
1001014,53,Liverpool,CALIV,Canada
1001014,53,Brooklyn,CABKN,Canada
1001014,53,Port Medway,CAPMW,Canada
1001014,53,Kennebunkport,,Wake Island
1001014,53,Basseterre,KNBAS,Saint Kitts and Nevis
1001014,53,Meteghan,CAMET,Canada
1001014,53,Criehaven,,Wake Island
1001014,53,La Have,CALHA,Canada
1001018,43,Shuidong,CNSDG,China
1001018,43,Yangjiang,CNYJI,China
1001018,43,Jiangmen,CNJMN,China
1001018,43,Guangzhou,CNCAN,China
1001018,43,Huangpu,CNHUA,China
1001018,43,Huangpuxingang,,China
1001018,43,Chiwan,CNCWN,China
1001018,43,Hong Kong,HKHKG,Hong Kong (China)
1001018,43,Yantian,CNYTN,China
1001018,43,Spec / lde 888,,China
1001018,43,Xijiang Terminal,,China
1001018,43,Huizhou,,China
1001018,43,Huizhou Terminal,CNHUI,China
1001018,43,Lan Shui Terminal,,China
1001018,43,Shanwei,CNSWE,China
1001018,43,Lufeng Terminal,,China
1001018,43,Quanzhou,CNQZJ,China
1001018,43,Pratas Island,,China
1001018,43,Shantou,CNSWA,China
1001018,43,Huaang Kang,,China
1001018,43,Zhangzhou,,China
1001018,43,Zhangzhou,CNZZU,China
1001018,43,Xiamen,CNXMN,China
1001018,43,Chin Men,,China
1001018,43,Peng Hu,,Taiwan
1001018,43,Xiuyu,,China
1001018,43,Tai Chung,,Taiwan
1001018,43,An Ping Chiang,,Taiwan
1001018,43,Kaohsiung,TWKHH,Taiwan
1001018,43,Tai Nan,,Taiwan
1001018,43,Dirique Inlet,,Philippines
1001018,43,Taichung,TWTXG,Taiwan
1001018,43,Tai Tung,,Taiwan
1001018,43,Claveria,,Philippines
1001018,43,Lan Yu Island,,Taiwan
1001018,43,Calayan,,Philippines
1001018,43,Basco,,Philippines
1001018,43,Hualien,TWHUN,Taiwan
1001018,43,Tan Shui,,Taiwan
1001018,43,Suao,TWSUO,Taiwan
1001018,43,Keelung (Chilung),TWKEL,Taiwan
1001018,43,Irionote Island,,Japan
1001018,43,Ishigaki,,Japan
1001018,43,Ishigaki Island,,Japan
1001019,33,San Blas,MXSBS,Mexico
1001019,33,Puerto Vallarta,MXPVR,Mexico
1001019,33,Ipala,,Mexico
1001019,33,El Tabaco,,Mexico
1001019,33,Chamela,,Mexico
1001019,33,Manzanillo,MXZLO,Mexico
1001019,33,Socorro Island,,Mexico
1001019,33,Roca Partido Island,,Mexico
1001023,14,Paso,,China
1001023,14,Basuo,CNBAS,China
1001023,14,Cua Lo,,China
1001023,14,Wei Chou Island,,China
1001023,14,Bei Hai,CNBHY,China
1001024,24,Altata,,Mexico
1001024,24,Topolobampo,MXTPB,Mexico
1001024,24,Buenavista,,Mexico
1001024,24,Yavaros,,Mexico
1001024,24,La Paz,,Mexico
1001024,24,San Hose Del Cabo,,Mexico
1001024,24,San Juan de la Costa,MXSJC,Mexico
1001024,24,San Lucas,,Mexico
1001024,24,Bahia Salinas,,Mexico
1001024,24,Loreto,,Mexico
1001024,24,Socorro Island,,Mexico
1001025,40,Saint George,BMSGE,Bermuda
1001025,40,Hamilton,BMBDA,Bermuda
1001025,40,Bermuda,,Bermuda
1001025,40,Somerset,,Bermuda
1001025,40,Barbuda,AGBBQ,Antigua and Barbuda
1001025,40,Blowing Point,AIBLP,Anguilla
1001025,40,Marigot,,Guadeloupe
1001025,40,Philipsburg,ANPHI,Netherlands Antilles
1001025,40,Gustavia,GPGUS,Guadeloupe
1001025,40,Anegada Island,,British Virgin Islands
1001025,40,Parham Harbour,,Antigua and Barbuda
1001025,40,Saint Johns,AGSJO,Antigua and Barbuda
1001025,40,Virgin Gorda Island,,British Virgin Islands
1001025,40,Oranjestad,,Netherlands Antilles
1001025,40,Road Harbour & Port Purcell,,British Virgin Islands
1001025,40,Basseterre,KNBAS,Saint Kitts and Nevis
1001025,40,Charlestown,KNNEV,Saint Kitts and Nevis
1001025,40,Cruz Bay,,Virgin Islands
1001025,40,Charlotte Amalie,VISTT,Virgin Islands
1001025,40,Port Louis,,Guadeloupe
1001025,40,Plymouth,,Montserrat
1001025,40,Pointe-a-Pitre,GPPTP,Guadeloupe
1001025,40,Saint Louis,,Guadeloupe
1001025,40,Grand Bourg,,Guadeloupe
1001025,40,Basse Terre,GPBBR,Guadeloupe
1001025,40,Bourg Des Saintes,,Guadeloupe
1001025,40,Portsmouth,DMPOR,Dominica
1001025,40,Roseau,DMRSU,Dominica
1001025,40,La Trinite,,Martinique
1001025,40,Le Robert,,Martinique
1001025,40,Saint Pierre,,Martinique
1001025,40,Fort de France,MQFDF,Martinique
1001025,40,Le Marin,,Martinique
1001025,40,Castries,LCSLU,Saint Lucia
1001025,40,Cul de Sac Bay,LCCDS,Saint Lucia
1001025,40,Vieux Fort,,Saint Lucia
1001025,40,Speightstown,,Barbados
1001025,40,Bridgetown,BBBGI,Barbados
1001026,16,Nishtun,YENIS,Yemen
1001026,16,Ras Fartak,,Yemen
1001026,16,Sayhut,,Yemen
1001026,16,Damqawt,,Yemen
1001026,16,Hadibu,,Yemen
1001027,18,Port Sandwich,VUPSA,Vanuatu
1001027,18,Santo,VUSAN,Vanuatu
1001027,18,Palikoulo Bay,,Vanuatu
1001027,18,Port Vila,VUVLI,Vanuatu
1001027,18,Turtle Bay,,Vanuatu
1001027,18,Ambryn Island,,Vanuatu
1001027,18,Hog Harbor,,Vanuatu
1001027,18,Pentecost Island,,Vanuatu
1001027,18,Maewo Island,,Vanuatu
1001027,18,Banks Island,,Vanuatu
1001027,18,Peu,,Soloman Islands
1001027,18,Graciosa Bay,,Soloman Islands
1001028,15,Acapulco,MXACA,Mexico
1001028,15,Puerto Marques,,Mexico
1001029,7,Cox's Bazaar,,Bangladesh
1001029,7,Elephant Point,,Bangladesh
1001033,13,Kandavu Island,,Fiji
1001033,13,Suva,FJSUV,Fiji
1001033,13,Levuka,FJLEV,Fiji
1001033,13,Vuda,FJVUD,Fiji
1001033,13,Lautoka,FJLTK,Fiji
1001033,13,Vatia,FJVAT,Fiji
1001034,4,Narayanganj,BDNAR,Bangladesh
1001034,4,Chittagong,BDCGP,Bangladesh
1001034,4,Chalna,BDCHL,Bangladesh
1001034,4,Mongla,BDMGL,Bangladesh
1001037,8,Krishnapatnam,,India
1001037,8,Madras,INMAA,India
1001038,35,Cooktown,AUCTN,Coral Sea Islands
1001038,35,Port Souglas,,Coral Sea Islands
1001038,35,Cape Flattery,AUCQP,Coral Sea Islands
1001038,35,Cairns,AUCNS,Coral Sea Islands
1001038,35,Abbot Point,AUABP,Coral Sea Islands
1001038,35,Bowen,AUZBO,Coral Sea Islands
1001038,35,Gizo Is,SBGZO,Soloman Islands
1001038,35,Ringi Cove,SBRIN,Soloman Islands
1001038,35,Port Noro,SBNOR,Soloman Islands
1001038,35,Viru Harbour,SBVIU,Soloman Islands
1001038,35,Lever Harbor,,Soloman Islands
1001040,18,Farafangana,MGRVA,Madagascar
1001040,18,Manakara,MGWVK,Madagascar
1001040,18,Mananjary,MGMNJ,Madagascar
1001040,18,Toliara,MGTLE,Madagascar
1001040,18,Manombo,MGMOB,Madagascar
1001040,18,Morombe,MGMXM,Madagascar
1001040,18,Belo Sur Mer,,Madagascar
1001040,18,Antongo,,Madagascar
1001040,18,Morondava,MGMOQ,Madagascar
1001041,27,Port Mathurin,,Mauritius
1001041,27,Mahebourg,,Mauritius
1001041,27,Port Louis,MUPLU,Mauritius
1001041,27,Saint Pierre,,Reunion
1001041,27,Saint Denis,,Reunion
1001041,27,Pointe Des Galets,REPDG,Reunion
1001043,14,Bentinck Island,,Coral Sea Islands
1001043,14,Mornington Island,,Coral Sea Islands
1001043,14,Karumba,,Coral Sea Islands
1001043,14,Karumba,,Coral Sea Islands
1001043,14,Port Souglas,,Coral Sea Islands
1001043,14,Cairns,AUCNS,Coral Sea Islands
1001043,14,Innisfail,,Coral Sea Islands
1001043,14,Mourilyan,AUMOU,Coral Sea Islands
1001043,14,Lucinda,AULUC,Coral Sea Islands
1001043,14,Townsville,AUTSV,Coral Sea Islands
1001043,14,Abbot Point,AUABP,Coral Sea Islands
1001043,14,Bowen,AUZBO,Coral Sea Islands
1001044,13,Mahebourg,,Mauritius
1001044,13,Saint Pierre,,Reunion
1001044,13,Port Louis,MUPLU,Mauritius
1001044,13,Saint Denis,,Reunion
1001044,13,Pointe Des Galets,REPDG,Reunion
1001044,13,Port Mathurin,,Mauritius
1001047,7,Manua Island,,American Samoa
1001048,12,Forari Bay,,Vanuatu
1001048,12,Port Vila,VUVLI,Vanuatu
1001048,12,Ambryn Island,,Vanuatu
1001048,12,Pentecost Island,,Vanuatu
1001048,12,Port Sandwich,VUPSA,Vanuatu
1001048,12,Palikoulo Bay,,Vanuatu
1001048,12,Santo,VUSAN,Vanuatu
1001048,12,Turtle Bay,,Vanuatu
1001048,12,Hog Harbor,,Vanuatu
1001050,13,Cape Leveque,,Coral Sea Islands
1001050,13,Yampi Sound,,Coral Sea Islands
1001050,13,Yampi,AUYAM,Coral Sea Islands
1001051,4,Avatiu,,Cook Islands
1001051,4,Arutunga,,Cook Islands
1001052,20,Mahebourg,,Mauritius
1001052,20,Saint Pierre,,Reunion
1001052,20,Port Louis,MUPLU,Mauritius
1001052,20,Saint Denis,,Reunion
1001052,20,Pointe Des Galets,REPDG,Reunion
1001055,42,Christmas Island,,Christmas Island
1001057,11,Maromandia,,Madagascar
1001057,11,Nossi-Be,MGNOS,Madagascar
1001057,11,Analalava,,Madagascar
1001057,11,Port St. Louis,MGPSL,Madagascar
1001057,11,Vohemar,,Madagascar
1001057,11,Cap Diego,,Madagascar
1001057,11,Antsiranana,MGDIE,Madagascar
1001057,11,Sambava,MGSVB,Madagascar
1001057,11,Cape Amber,,Madagascar
1001057,11,Maroantsetra,MGWMN,Madagascar
1001057,11,Antataha,MGANM,Madagascar
1001057,11,Mananara,MGWMR,Madagascar
1001057,11,Saint Mary Island,,Madagascar
1001058,21,Griffin Venture,AUGRV,Coral Sea Islands
1001058,21,Saladin Marine Terminal,AUSMT,Coral Sea Islands
1001058,21,Airlie Island Terminal,,Coral Sea Islands
1001058,21,Onslow,,Coral Sea Islands
1001058,21,Port Exmouth,,Coral Sea Islands
1001058,21,Barrow Island,AUBWB,Coral Sea Islands
1001058,21,Varanus Island,AUVAR,Coral Sea Islands
1001058,21,Cape Preston,AUCPN,Coral Sea Islands
1001058,21,Wandoo Marine Terminal,,Coral Sea Islands
1001058,21,Dampier,AUDAM,Coral Sea Islands
1001058,21,Withnell Bay,,Coral Sea Islands
1001058,21,Cossack Pioneer,AUCOP,Coral Sea Islands
1001060,15,Kisiju,,Tanzania
1001060,15,Kilondoni,,Tanzania
1001060,15,Mjimwema Terminal,,Tanzania
1001060,15,Dar-es-Salaam,TZDAR,Tanzania
1001060,15,Kilwa Kivinje,TZKIK,Tanzania
1001060,15,Kilwa Masoko,TZKIM,Tanzania
1001060,15,Zanzibar,TZZNZ,Tanzania
1001060,15,Pangani,TZPAN,Tanzania
1001060,15,Mkoani,,Tanzania
1001060,15,Tanga,TZTGT,Tanzania
1001060,15,Assumption Island,,Seychelles
1001061,24,Chake Chake,,Tanzania
1001061,24,Saint Pierre Island,,Seychelles
1001061,24,Providence Island,,Seychelles
1001063,26,Yaene,,Japan
1001063,26,Aoga Island,,Japan
1001063,26,Mikura,,Japan
1001063,26,Miyake,,Japan
1001063,26,Kozu Island,,Japan
1001063,26,Nii,,Japan
1001063,26,Tateyama,JPTTY,Japan
1001063,26,Katsuura Ko,,Japan
1001063,26,Choshi,JPCHO,Japan
1001063,26,Kita,,Japan
1001063,26,Okino,,Japan
1001063,26,Casiguaran,,Philippines
1001063,26,Jose Panganiban,PHJPM,Philippines
1001063,26,Dahikan,,Philippines
1001063,26,Paracale,,Philippines
1001063,26,Polillo Island,,Philippines
1001063,26,Puerto Real,,Philippines
1001063,26,Port Ragay,,Philippines
1001063,26,Aloneros,,Philippines
1001063,26,Hondagua / Siain,PHHON,Philippines
1001063,26,Mauban,,Philippines
1001063,26,Siain,,Philippines
1001063,26,Antimonan,PHATI,Philippines
1001063,26,Catanauan,,Philippines
1001063,26,Navotas,,Philippines
1001063,26,Unisan,,Philippines
1001063,26,General Luna,,Philippines
1001063,26,Manila,PHMNL,Philippines
1001063,26,Cavite,PHCVE,Philippines
1001063,26,Santa Cruz,,Philippines
1001063,26,Port Balancan,,Philippines
1001063,26,Gasan,PHGAS,Philippines
1001063,26,Tabangoa,PHTBG,Philippines
1001063,26,Batangas,PHBLG,Philippines
1001063,26,Nasugbu,PHNUG,Philippines
1001063,26,Calaca,,Philippines
1001063,26,Pagapas,,Philippines
1001063,26,Calapan / Batangas,PHCLP,Philippines
1001063,26,Pinamalayan,,Philippines
1001064,6,Haldia,INHAL,India
1001064,6,Port Canning,,India
1001064,6,Budge-Budge,INBUD,India
1001064,6,Calcutta,INCCU,India
1001064,6,Howrah,,India
1001064,6,Balasore,,India
1001064,6,Mongla,BDMGL,Bangladesh
1001064,6,Baleshwar,,India
1001064,6,Chalna,BDCHL,Bangladesh
1001064,6,Paradip,INPRT,India
1001064,6,Faridpur,,Bangladesh
1001064,6,Pabna,,Bangladesh
1001064,6,Narayanganj,BDNAR,Bangladesh
1001066,13,Altamira,,Mexico
1001066,13,Tampico,MXTAM,Mexico
1001066,13,Ciudad Madero,,Mexico
1001066,13,Tuxpan,MXTUX,Mexico
1001066,13,Brownsville,USBRO,Wake Island
1001066,13,Port Isabel,USPIS,Wake Island
1001066,13,Acapulco,MXACA,Mexico
1001066,13,Puerto Marques,,Mexico
1001066,13,Vera Cruz,MXVER,Mexico
1001066,13,Alvarado,MXAVD,Mexico
1001066,13,Corpus Christi,USCRP,Wake Island
1001066,13,Ingleside,,Wake Island
1001066,13,Port Ingleside,,Wake Island
1001066,13,Port Aransas,,Wake Island
1001066,13,Rockport,,Wake Island
1001066,13,Punta Escondida,,Mexico
1001066,13,Minatitlan,MXMTT,Mexico
1001066,13,Rabon Grande,,Mexico
1001066,13,Coatzacoalcos,MXCOA,Mexico
1001066,13,Nanchital,MXNAN,Mexico
1001066,13,Puerto Angel,,Mexico
1001066,13,Salina Cruz,MXSCX,Mexico
1001066,13,Dos Bocas,MXDBT,Mexico
1001066,13,Frontera,MXFRN,Mexico
1001066,13,Cayo Arcas Terminal,MXCAT,Mexico
1001066,13,Concepcion,,Mexico
1001066,13,Ciudad Del Carmen,MXCME,Mexico
1001066,13,Campeche,,Mexico
1001066,13,Sisal,,Mexico
1001066,13,Progreso,MXPGO,Mexico
1001066,13,Corozal,,Belize
1001066,13,El Cuyo,,Mexico
1001066,13,Chetumal,MXCTM,Mexico
1001066,13,Herrero Point,,Mexico
1001066,13,Cozumel,MXCZM,Mexico
1001066,13,Puerto Morelas,,Mexico
1001067,43,Orange,USORG,Wake Island
1001067,43,Beaumont,USBPT,Wake Island
1001067,43,Smith's Bluff,USSML,Wake Island
1001067,43,Port Neches,USPON,Wake Island
1001067,43,Atreco,USATR,Wake Island
1001067,43,Port Arthur,USPOA,Wake Island
1001067,43,Parlier,USPAR,Wake Island
1001067,43,Sabine,USSAB,Wake Island
1001067,43,Baytown,USHPY,Wake Island
1001067,43,Port Adams,USNSW,Wake Island
1001067,43,Houston,,Wake Island
1001067,43,Pasadena,USPSD,Wake Island
1001067,43,Texas City,USTXT,Wake Island
1001067,43,Port Bolivar,,Wake Island
1001067,43,Galveston,USGLS,Wake Island
1001067,43,Freeport,USFRP,Wake Island
1001067,43,Palacios,,Wake Island
1001067,43,Port Lavaca,USPLV,Wake Island
1001067,43,Point Comfort,USPCR,Wake Island
1001067,43,Port O'Connor,,Wake Island
1001067,43,Rockport,,Wake Island
1001067,43,Port Aransas,,Wake Island
1001067,43,Ingleside,,Wake Island
1001067,43,Port Ingleside,,Wake Island
1001067,43,Corpus Christi,USCRP,Wake Island
1001067,43,Port Isabel,USPIS,Wake Island
1001067,43,Progreso,MXPGO,Mexico
1001067,43,Sisal,,Mexico
1001067,43,El Cuyo,,Mexico
1001067,43,Puerto Morelas,,Mexico
1001067,43,Cozumel,MXCZM,Mexico
1001067,43,Herrero Point,,Mexico
1001067,43,"Georgetown, Grand Cayman",KYGGT,Cayman Islands
1001067,43,Georgetown,KYGGT,Cayman Islands
1001067,43,Islas Santanilla,,Honduras
1001067,43,Cayman Brac,,Cayman Islands
1001067,43,Niquero,CUNIQ,Cuba
1001067,43,Media Luna,CUMEL,Cuba
1001067,43,Pilon,CUPIL,Cuba
1001067,43,Portillo,,Cuba
1001067,43,Lucea,,Jamaica
1001067,43,Montego Bay,JMMBJ,Jamaica
1001067,43,Savanna la Mar,JMSLM,Jamaica
1001067,43,Falmouth,,Jamaica
1001067,43,Bluefields,,Jamaica
1001067,43,Rio Bueno,,Jamaica
1001067,43,Port Rhoades,JMPRH,Jamaica
1001067,43,Black River,JMBLR,Jamaica
1001067,43,Saint Anns Bay,,Jamaica
1001067,43,Ocho Rios,JMOCJ,Jamaica
1001067,43,Oracabessa,,Jamaica
1001067,43,Port Kaiser,JMPKS,Jamaica
1001067,43,Port Maria Bay,,Jamaica
1001067,43,Annotto Bay,,Jamaica
1001067,43,Port Esquivel,JMPEV,Jamaica
1001067,43,Salt River,JMSRI,Jamaica
1001067,43,Kingston,JMKIN,Jamaica
1001067,43,Port Antonio,JMPOT,Jamaica
1001067,43,Manchioneal,,Jamaica
1001067,43,Morant Bay,,Jamaica
1001067,43,Port Morant,JMPMO,Jamaica
1001067,43,Jeremie,HTJEE,Haiti
1001067,43,Les Cayes,HTACA,Haiti
1001067,43,Aquin,,Haiti
1001067,43,Miragoane,HTMIR,Haiti
1001067,43,Petit Goave,HTPEG,Haiti
1001067,43,Fond Mombin,HTFOM,Haiti
1001067,43,Port-au-Prince,HTPAP,Haiti
1001067,43,Jacmel,,Haiti
1001067,43,Cabo Rojo,DOCBJ,Dominican Republic
1001067,43,Barahona,DOBRX,Dominican Republic
1001067,43,Puerto Viejo de Azua,,Dominican Republic
1001067,43,Azua,DOPVA,Dominican Republic
1001067,43,Puerto Viejo de Azua,DOPVA,Dominican Republic
1001067,43,Las Calderas,,Dominican Republic
1001067,43,Rio Haina,DOHAI,Dominican Republic
1001067,43,Palenque,DOPAL,Dominican Republic
1001067,43,Blanquilla Island,,Venezuela
1001067,43,Castries,LCSLU,Saint Lucia
1001067,43,Cul de Sac Bay,LCCDS,Saint Lucia
1001067,43,Vieux Fort,,Saint Lucia
1001067,43,Kingstown,VCKTN,Saint Vincent and the Grenadines
1001067,43,Admiralty Bay,,Saint Vincent and the Grenadines
1001067,43,Saint George's,GDSTG,Grenada
1001067,43,Speightstown,,Barbados
1001067,43,Cristobal Colon,,Venezuela
1001067,43,Bridgetown,BBBGI,Barbados
1001067,43,Chaguaramas,TTCHA,Trinidad and Tobago
1001067,43,Cronstadt Island,,Trinidad and Tobago
1001067,43,Tembladora,TTTEM,Trinidad and Tobago
1001067,43,Trinidad,BOTDD,Bolivia
1001067,43,Port Of Spain,TTPOS,Trinidad and Tobago
1001067,43,Crown Point,,Trinidad and Tobago
1001067,43,Scarborough,,Trinidad and Tobago
1001068,4,Tuxpan,MXTUX,Mexico
1001068,4,Vera Cruz,MXVER,Mexico
1001071,14,Van Hoa,,Vietnam
1001071,14,Cam Pha,,Vietnam
1001071,14,Fangcheng,CNFAN,China
1001071,14,Hongai,VNHON,Vietnam
1001071,14,Fangcheng Gang,,China
1001071,14,Las Tres Marias Island,,Vietnam
1001071,14,Haiphong,VNHPH,Vietnam
1001071,14,Bei Hai,CNBHY,China
1001071,14,Wei Chou Island,,China
1001071,14,Lin Kao,,China
1001071,14,Paso,,China
1001071,14,Basuo,CNBAS,China
1001071,14,Hsu Wen,,China
1001071,14,Cua Lo,,China
1001071,14,Sanya,CNSYX,China
1001071,14,Yu Lin Chiang,,China
1001071,14,Cape Bastion,,China
1001071,14,Triton Island,,China
1001072,24,Lo Hsing Ta Mao Ti,,China
1001072,24,Fuzhou,CNFOC,China
1001072,24,Xiuyu,,China
1001072,24,Matsu Island,,Taiwan
1001072,24,San Tu Ao,,China
1001072,24,Ning Te,,China
1001072,24,Tai Chung,,Taiwan
1001072,24,Chin Men,,China
1001072,24,Xiamen,CNXMN,China
1001072,24,Taichung,TWTXG,Taiwan
1001072,24,Zhangzhou,CNZZU,China
1001072,24,Tan Shui,,Taiwan
1001072,24,Zhangzhou,,China
1001072,24,Peng Hu,,Taiwan
1001072,24,Keelung (Chilung),TWKEL,Taiwan
1001072,24,Ku Ao Tou,,China
1001072,24,Jui An,,China
1001072,24,Suao,TWSUO,Taiwan
1001072,24,Hualien,TWHUN,Taiwan
1001072,24,Wenzhou,CNWNZ,China
1001072,24,An Ping Chiang,,Taiwan
1001072,24,Tai Nan,,Taiwan
1001072,24,Huaang Kang,,China
1001072,24,Kan Men Chiang,,China
1001072,24,Kaohsiung,TWKHH,Taiwan
1001072,24,Tai Tung,,Taiwan
1001072,24,Shantou,CNSWA,China
1001072,24,Lan Yu Island,,Taiwan
1001072,24,Irionote Island,,Japan
1001072,24,Ishigaki Island,,Japan
1001072,24,Ishigaki,,Japan
1001072,24,Jiujiang,CNJIU,China
1001072,24,Hirara,,Japan
1001072,24,Kuang Chi,,China
1001072,24,Myako Island,,Japan
1001072,24,Basco,,Philippines
1001072,24,Calayan,,Philippines
1001072,24,Kume Island,,Japan
1001072,24,Claveria,,Philippines
1001072,24,Abulog,,Philippines
1001072,24,Port San Vicente,,Philippines
1001072,24,Aparri,PHAPR,Philippines
1001073,10,Clarion Island,,Mexico
1001074,23,Clarion Island,,Mexico
1001075,27,Washington,,Wake Island
1001075,27,Wilmington (n.cal),USILM,Wake Island
1001075,27,Wrightsville,USXOG,Wake Island
1001075,27,New Bern,,Wake Island
1001075,27,Southport,,Wake Island
1001075,27,Georgetown,USGGE,Wake Island
1001075,27,Swansboro,,Wake Island
1001075,27,Bayboro,,Wake Island
1001075,27,Cape Fear,USCFN,Wake Island
1001075,27,Vandermere,,Wake Island
1001075,27,Morehead City,USMRH,Wake Island
1001075,27,Cape Lookout,,Wake Island
1001075,27,Charleston,USCHS,Wake Island
1001075,27,Port Royal,USPRL,Wake Island
1001075,27,Port Wentworth,USPWN,Wake Island
1001075,27,Beaufort,,Wake Island
1001075,27,Savannah,USSAV,Wake Island
1001075,27,Darien,,Wake Island
1001075,27,Brunswick,USSSI,Wake Island
1001075,27,Kings Bay,USKBA,Wake Island
1001075,27,Fernandina Beach,USFEB,Wake Island
1001075,27,Mayport,,Wake Island
1001075,27,Jacksonville,,Wake Island
1001075,27,Saint Augustine,,Wake Island
1001075,27,Saint Marks,,Wake Island
1001075,27,Suwannee,,Wake Island
1001075,27,Carrabelle,USCRB,Wake Island
1001075,27,Panama City,USPFN,Wake Island
1001075,27,Apalachicola,USAAF,Wake Island
1001075,27,Saint George Island,,Wake Island
1001075,27,Port St. Joe,USPSJ,Wake Island
1001075,27,Tarpon Springs,,Wake Island
1001075,27,Tampa,,Wake Island
1001075,27,Clearwater,USCXI,Wake Island
1001075,27,Port Tampa,USPOT,Wake Island
1001075,27,Saint Petersburg,,Wake Island
1001075,27,Port Manatee,,Wake Island
1001075,27,Palmetto,USPMT,Wake Island
1001075,27,Sarasota,USSRB,Wake Island
1001075,27,Bocagrande,USBCG,Wake Island
1001075,27,Boca Grande,USBCG,Wake Island
1001075,27,Pine Island,USPNI,Wake Island
1001075,27,Key West,USEYW,Wake Island
1001075,27,Marquesas Keys,,Wake Island
1001075,27,Tortuga Harbour,,Wake Island
1001075,27,Havana,CUHAV,Cuba
1001075,27,Matanzas,CUQMA,Cuba
1001075,27,Mariel,CUMAR,Cuba
1001075,27,Canabas,,Cuba
1001075,27,Bahia Honda,,Cuba
1001075,27,Batabano,,Cuba
1001075,27,La Esperanza,,Cuba
1001075,27,Santa Lucia,,Cuba
1001078,10,Clarion Island,,Mexico
1001078,10,Roca Partido Island,,Mexico
1001079,24,Noshiro,JPNSR,Japan
1001079,24,Oga,,Japan
1001079,24,Funakawa,JPFNK,Japan
1001079,24,Fukushima,,Japan
1001079,24,Akita,JPAXT,Japan
1001079,24,Aomori,JPAOJ,Japan
1001079,24,Sakata,JPSKT,Japan
1001079,24,Hachinohe,JPHHE,Japan
1001079,24,Fudai,,Japan
1001079,24,Miyako,JPMYK,Japan
1001079,24,Yamada,,Japan
1001079,24,Kamaishi,JPKIS,Japan
1001079,24,Ofunato,JPOFT,Japan
1001079,24,Kesennuma Ko,,Japan
1001079,24,Shiogama,JPSGM,Japan
1001079,24,Ishinomaki,JPISM,Japan
1001079,24,Onagawa,JPONG,Japan
1001079,24,Soma,JPSMA,Japan
1001079,24,Onahama,JPONA,Japan
1001079,24,Muko,,Japan
1001079,24,Omura,,Japan
1001079,24,Haha,,Japan
1001079,24,Iwo Jima,,Japan
1001080,36,Saint John's,CASJF,Canada
1001080,36,Catalina,CACAT,Canada
1001080,36,Bonavista,,Canada
1001080,36,Wabana,,Canada
1001080,36,Long Pond,CALOP,Canada
1001080,36,Trinity,,Canada
1001080,36,Carbonear,CACRB,Canada
1001080,36,Harbour Grace,CAHRE,Canada
1001080,36,Wesleyville,,Canada
1001080,36,Ferryland,,Canada
1001080,36,Brigus Bay,,Canada
1001080,36,Holyrood,CAHOD,Canada
1001080,36,Hearts Content,,Canada
1001080,36,Bay Roberts,CABYR,Canada
1001080,36,Cape Race,CACRE,Canada
1001080,36,Butchers Cove,,Canada
1001080,36,Glovertown,,Canada
1001080,36,Come By Chance Bay,CACBC,Canada
1001080,36,Clarenville,CACLE,Canada
1001080,36,Gambo,,Canada
1001080,36,Trepassey,,Canada
1001080,36,Long Harbour,CALOH,Canada
1001080,36,Port Blandford,,Canada
1001080,36,Come By Chance,,Canada
1001080,36,Argentia,CANWP,Canada
1001080,36,Harbour Buffet,,Canada
1001080,36,Placentia,,Canada
1001080,36,Terrenceville,,Canada
1001080,36,Marystown,CAMTN,Canada
1001080,36,Little Burin Harbor,,Canada
1001080,36,Burin,CABUI,Canada
1001080,36,Belleoram,,Canada
1001080,36,Great St Lawr Harbor,,Canada
1001080,36,Saint Albans,,Canada
1001080,36,Harbor Breton,,Canada
1001080,36,Gaultois,,Canada
1001080,36,Grand Bank,CAGRB,Canada
1001080,36,Fortune,CAFOR,Canada
1001080,36,Lamaline,,Canada
1001080,36,Pushthrough,,Canada
1001080,36,Saint Pierre,PMFSP,Saint Pierre and Miquelon
1001080,36,Miquelon,,Saint Pierre and Miquelon
1001080,36,Francois,,Canada
1001080,36,Sable Island,,Canada
1001080,36,Saint George,BMSGE,Bermuda
1001080,36,Hamilton,BMBDA,Bermuda
1001080,36,Somerset,,Bermuda
1001080,36,Bermuda,,Bermuda
1001080,36,Anegada Island,,British Virgin Islands
1001080,36,Blowing Point,AIBLP,Anguilla
1001080,36,Barbuda,AGBBQ,Antigua and Barbuda
1001080,36,Marigot,,Guadeloupe
1001080,36,Philipsburg,ANPHI,Netherlands Antilles
1001080,36,Gustavia,GPGUS,Guadeloupe
1001080,36,Virgin Gorda Island,,British Virgin Islands
1001080,36,Road Harbour & Port Purcell,,British Virgin Islands
1001080,36,Grand Turk,TCGDT,Turks and Caicos Islands
1001080,36,Cruz Bay,,Virgin Islands
1001080,36,Parham Harbour,,Antigua and Barbuda
1001080,36,Charlotte Amalie,VISTT,Virgin Islands
1001080,36,Saint Johns,AGSJO,Antigua and Barbuda
1001080,36,Oranjestad,,Netherlands Antilles
1001080,36,Culebra,,Puerto Rico
1001080,36,Basseterre,KNBAS,Saint Kitts and Nevis
1001080,36,Fajardo,,Puerto Rico
1001080,36,Charlestown,KNNEV,Saint Kitts and Nevis
1001080,36,Ensenada Honda,,Puerto Rico
1001080,36,Isabel Segunda,,Puerto Rico
1001080,36,San Juan,PRSJU,Puerto Rico
1001080,36,Naguabo,,Puerto Rico
1001080,36,Christiansted,VICTD,Virgin Islands
1001080,36,Puerto de Humacao,,Puerto Rico
1001080,36,Hovic,VIHOC,Virgin Islands
1001080,36,Limetree Bay,VILIB,Virgin Islands
1001080,36,Frederiksted,VIFRD,Virgin Islands
1001080,36,Plymouth,,Montserrat
1001080,36,Arecibo,PRARE,Puerto Rico
1001080,36,Port Louis,,Guadeloupe
1001080,36,Yabucoa,PRPYA,Puerto Rico
1001080,36,Maunabo,,Puerto Rico
1001080,36,Pointe-a-Pitre,GPPTP,Guadeloupe
1001080,36,Arroyo,,Puerto Rico
1001080,36,Aguadilla,PRBQN,Puerto Rico
1001080,36,Las Mareas (Guayama),PRLAM,Puerto Rico
1001080,36,Las Mareas,,Puerto Rico
1001080,36,Saint Louis,,Guadeloupe
1001080,36,Ponce,PRPSE,Puerto Rico
1001080,36,Mayaguez,PRMAZ,Puerto Rico
1001080,36,Guayanilla,PRGUY,Puerto Rico
1001080,36,Grand Bourg,,Guadeloupe
1001080,36,Santa Barbara de Samana,,Dominican Republic
1001080,36,Basse Terre,GPBBR,Guadeloupe
1001080,36,Sosua,,Dominican Republic
1001080,36,Puerto Botado,,Dominican Republic
1001080,36,Guanica Harbour,PRGUX,Puerto Rico
1001080,36,Bourg Des Saintes,,Guadeloupe
1001080,36,Cape Engano,,Dominican Republic
1001080,36,Puerto Plata,DOPOP,Dominican Republic
1001080,36,Sanchez,DOSNZ,Dominican Republic
1001080,36,Portsmouth,DMPOR,Dominica
1001082,24,Onahama,JPONA,Japan
1001082,24,Hitachi,JPHTC,Japan
1001082,24,Choshi,JPCHO,Japan
1001082,24,Kashima,JPKSM,Japan
1001082,24,Chiba,JPCHB,Japan
1001082,24,Anegasaki,JPANE,Japan
1001082,24,Goi,JPGOI,Japan
1001082,24,Katunan Ko,,Japan
1001082,24,Katsuura Ko,,Japan
1001082,24,Ogasawara,JPOGA,Japan
1001082,24,Tokyo,JPTYO,Japan
1001082,24,Kisarazu,JPKZU,Japan
1001082,24,Kawasaki,JPKWS,Japan
1001082,24,Yokohama,JPYOK,Japan
1001082,24,Neghisi,JPNGI,Japan
1001082,24,Tateyama,JPTTY,Japan
1001082,24,Yokosuka,JPYOS,Japan
1001082,24,Kurihama,JPKRH,Japan
1001082,24,Oshima,JPOSM,Japan
1001082,24,Numazu,JPNUM,Japan
1001082,24,Nii,,Japan
1001082,24,Miyake,,Japan
1001082,24,Mikura,,Japan
1001082,24,Tagonour,JPTGO,Japan
1001082,24,Shimoda,JPSMD,Japan
1001082,24,Kozu Island,,Japan
1001082,24,Shimizu,JPSMZ,Japan
1001082,24,Yaene,,Japan
1001082,24,Omaezaki,JPOMZ,Japan
1001082,24,Aoga Island,,Japan
1001082,24,Tori Island,,Japan
1001082,24,Muko,,Japan
1001082,24,Omura,,Japan
1001082,24,Haha,,Japan
1001082,24,Iwo Jima,,Japan
1001085,8,Kume Island,,Japan
1001086,42,Takuma,JPTKM,Japan
1001086,42,Kanonji,,Japan
1001086,42,Kawanoe,JPKWN,Japan
1001086,42,Fukuyama,JPFKY,Japan
1001086,42,Mishima,JPMSM,Japan
1001086,42,Kasaoka,JPKSA,Japan
1001086,42,Iyomishima,JPIYM,Japan
1001086,42,Matsunaga,JPMNG,Japan
1001086,42,Onomichi-Itozaki,,Japan
1001086,42,Onomichi,JPONO,Japan
1001086,42,Kochi,JPKCZ,Japan
1001086,42,Innoshima,JPINS,Japan
1001086,42,Niihama,JPIHA,Japan
1001086,42,Itozaki,JPITO,Japan
1001086,42,Tosa,,Japan
1001086,42,Omishima,JPOMS,Japan
1001086,42,Imabari,JPIMB,Japan
1001086,42,Takehara,JPTHR,Japan
1001086,42,Susaki,JPSUZ,Japan
1001086,42,Namikata,JPMAG,Japan
1001086,42,Kikuma,JPKIK,Japan
1001086,42,Hojo,,Japan
1001086,42,Matsuyama,JPMYJ,Japan
1001086,42,Kure,JPKRE,Japan
1001086,42,Iyo,,Japan
1001086,42,Hiroshima,JPHIJ,Japan
1001086,42,Akitsu,JPAKT,Japan
1001086,42,Etajima,JPETA,Japan
1001086,42,Kanokawa,JPKKW,Japan
1001086,42,Nagahama,JPNGH,Japan
1001086,42,Shiminato,JPIWK,Japan
1001086,42,Hamada,JPHMD,Japan
1001086,42,Yawatahama,JPYWH,Japan
1001086,42,Uwajima,JPUWA,Japan
1001086,42,Sukumo,JPSUK,Japan
1001086,42,Kawanoishi,,Japan
1001086,42,Hirao,JPHRA,Japan
1001086,42,Hikari,JPHKR,Japan
1001086,42,Misaki,,Japan
1001086,42,Kudamatsu,JPKUD,Japan
1001086,42,Masuda,,Japan
1001086,42,Tokuyama,JPTKY,Japan
1001086,42,Tonda,JPTND,Japan
1001086,42,Saganoseki,JPSAG,Japan
1001086,42,Tabuka,,Japan
1001086,42,Nakanoseki,JPNAN,Japan
1001086,42,Hagi,JPHAG,Japan
1001086,42,Tsukumi,JPTMI,Japan
1001086,42,Saiki Ko,,Japan
1001086,42,Usuki,JPUSK,Japan
1001086,42,Shimogo,,Japan
1001086,42,Tsurusaki,JPTSK,Japan
1001086,42,Kitsuki,,Japan
1001086,42,Oita,JPOIT,Japan
1001086,42,Beppu,JPBPU,Japan
1001086,42,Senzaki,JPSZK,Japan
1001086,42,Mino Island,,Japan
1001086,42,Hiji,,Japan
1001086,42,Ube,JPUBJ,Japan
1001086,42,Onada,,Japan
1001086,42,Onoda,JPOND,Japan
1001086,42,Nakatsu,,Japan
1001086,42,Nobeoka,JPNOB,Japan
1001086,42,Totoro,,Japan
1001086,42,Yukuhashi,,Japan
1001086,42,Shimonoseki,JPSHS,Japan
1001086,42,Kanda,JPKND,Japan
1001086,42,Hosojima,JPHSM,Japan
1001086,42,Kogushi,,Japan
1001086,42,Moji,JPMOJ,Japan
1001086,42,Mutsure,JPMTR,Japan
1001086,42,Kokura,JPKOK,Japan
1001086,42,Hibikinada,JPHBK,Japan
1001086,42,Tobata,JPTBT,Japan
1001086,42,Wakamatsu,JPWAM,Japan
1001086,42,Yawata,JPYWT,Japan
1001086,42,Fukuma,,Japan
1001086,42,Miyazaki,JPKMI,Japan
1001086,42,Hakata,JPHKT,Japan
1001086,42,Futajima,JPFUT,Japan
1001086,42,Uchiumi,,Japan
1001086,42,Okawa,,Japan
1001086,42,Omuta,JPOMU,Japan
1001086,42,Miike,JPMII,Japan
1001086,42,Aburatsu,JPABU,Japan
1001086,42,Yatsushiro,,Japan
1001086,42,Suminoe,JPSUM,Japan
1001086,42,Shimabara,JPSMB,Japan
1001086,42,Misumi,JPMIS,Japan
1001086,42,Karatsu,JPKAR,Japan
1001086,42,Kojiro,,Japan
1001086,42,Shibushi,JPSBS,Japan
1001086,42,Kuchinotsu,JPKUC,Japan
1001086,42,Minamata,JPMIN,Japan
1001086,42,Imari,JPIMI,Japan
1001086,42,Matsuura,,Japan
1001086,42,Sasebo,JPSSB,Japan
1001086,42,Mogi,,Japan
1001086,42,Nagasaki,JPNGS,Japan
1001086,42,Ainoura,JPAIN,Japan
1001087,42,Kiholo,,Wake Island
1001087,42,Kailua,,Wake Island
1001087,42,Napoopoo,,Wake Island
1001087,42,Kauhako Bay,,Wake Island
1001087,42,Milolii,,Wake Island
1001087,42,Honuapo,,Wake Island
1001087,42,Hilo,USITO,Wake Island
1001089,11,Cape Monze,,Pakistan
1001089,11,Karachi Harbor,,Pakistan
1001089,11,Karachi,PKKHI,Pakistan
1001089,11,Keti Badar,,Pakistan
1001089,11,Port Muhammad Bin Qasim,PKBQM,Pakistan
1001089,11,Jakhau,INJAK,India
1001089,11,Lakhpat,,India
1001089,11,Dwarkar,INDWA,India
1001089,11,Okha,INOKH,India
1001089,11,Mandvi,INMDV,India
1001089,11,Mundra,INMUN,India
1001090,24,Hongai,VNHON,Vietnam
1001090,24,Haiphong,VNHPH,Vietnam
1001090,24,Las Tres Marias Island,,Vietnam
1001090,24,Cam Pha,,Vietnam
1001090,24,Van Hoa,,Vietnam
1001090,24,Hanoi,VNHAN,Vietnam
1001090,24,Wei Chou Island,,China
1001090,24,Lin Kao,,China
1001090,24,Lei Shou,,China
1001090,24,Hsu Wen,,China
1001090,24,Haikou,CNHAK,China
1001092,16,Madison,USMAZ,Wake Island
1001092,16,Madisonville,USMAZ,Wake Island
1001092,16,Baton Rouge,USBTR,Wake Island
1001092,16,Slidell,,Wake Island
1001092,16,Bay St. Louis,,Wake Island
1001092,16,Gulfport,USGPT,Wake Island
1001092,16,Biloxi,,Wake Island
1001092,16,Saint Gabriel,,Wake Island
1001092,16,Plaquemine,USPLQ,Wake Island
1001092,16,Cat Island,,Wake Island
1001092,16,Geismar,USGSM,Wake Island
1001092,16,Burnside,,Wake Island
1001092,16,Reserve,USRSF,Wake Island
1001092,16,Ship Island,,Wake Island
1001092,16,Gramercy,USGRY,Wake Island
1001092,16,Mississippi River,,Wake Island
1001092,16,Donaldsonville,USDNA,Wake Island
1001092,16,Taft,USTFT,Wake Island
1001092,16,Saint James,,Wake Island
1001092,16,Norco,USNCM,Wake Island
1001092,16,Pascagoula,USPGL,Wake Island
1001092,16,Good Hope,USGDH,Wake Island
1001092,16,Hahnville,USHAH,Wake Island
1001092,16,Mobile,USMOB,Wake Island
1001092,16,Saint Rose,USSTR,Wake Island
1001092,16,Convent,USCNV,Wake Island
1001092,16,New Orleans,USNEW,Wake Island
1001092,16,Des Plaines,USDES,Wake Island
1001092,16,Avondale,USAVD,Wake Island
1001092,16,Westwego,USWWO,Wake Island
1001092,16,Gretna,USGTL,Wake Island
1001092,16,Meraux,,Wake Island
1001092,16,Amesville,USMAR,Wake Island
1001092,16,Braithwaite,USBWT,Wake Island
1001092,16,Point Chicot I,,Wake Island
1001092,16,Alliance,USAIH,Wake Island
1001092,16,Freemason Island,,Wake Island
1001092,16,Myrtle Grove,USMYG,Wake Island
1001092,16,Chandeleur Island,,Wake Island
1001092,16,Pointe A la Hache,USPHC,Wake Island
1001092,16,Davant,USDVT,Wake Island
1001092,16,Morgan City,USMGN,Wake Island
1001092,16,Houma,,Wake Island
1001092,16,Port Sulphur,USSUL,Wake Island
1001092,16,Ostrica,USOST,Wake Island
1001092,16,Grand Isle,USGIJ,Wake Island
1001092,16,Mars,USXJB,Wake Island
1001092,16,Lake Charles,USLCH,Wake Island
1001092,16,Port Eads,,Wake Island
1001092,16,Shawano,USSWS,Wake Island
1001092,16,Haymark Terminal,,Wake Island
1001092,16,Cameron,USCXM,Wake Island
1001092,16,Port Isabel,USPIS,Wake Island
1001092,16,Brownsville,USBRO,Wake Island
1001092,16,Altamira,,Mexico
1001093,25,Hangzhou,,China
1001093,25,Shanghai,CNSHA,China
1001095,13,Topolobampo,MXTPB,Mexico
1001095,13,Buenavista,,Mexico
1001095,13,San Hose Del Cabo,,Mexico
1001095,13,San Lucas,,Mexico
1001097,20,Okpo,KROKP,South Korea
1001097,20,Shishimi,,Japan
1001097,20,Sasuna,,Japan
1001097,20,Hidakatsu,,Japan
1001097,20,Izuhara,JPIZH,Japan
1001097,20,Chinhai,,South Korea
1001097,20,Pusan,KRPUS,South Korea
1001097,20,Masan,KRMAS,South Korea
1001097,20,Samcheon Po,,South Korea
1001097,20,Yosu,KRYOS,South Korea
1001097,20,Ulsan,KRUSN,South Korea
1001097,20,Kogushi,,Japan
1001097,20,Hibikinada,JPHBK,Japan
1001097,20,Wakamatsu,JPWAM,Japan
1001097,20,Yawata,JPYWT,Japan
1001097,20,Tobata,JPTBT,Japan
1001097,20,Mutsure,JPMTR,Japan
1001097,20,Kokura,JPKOK,Japan
1001097,20,Shimonoseki,JPSHS,Japan
1001097,20,Moji,JPMOJ,Japan
1001097,20,Mino Island,,Japan
1001097,20,Kanda,JPKND,Japan
1001097,20,Senzaki,JPSZK,Japan
1001097,20,Onada,,Japan
1001097,20,Onoda,JPOND,Japan
1001097,20,Ube,JPUBJ,Japan
1001097,20,Hagi,JPHAG,Japan
1001097,20,Shimogo,,Japan
1001097,20,Nakanoseki,JPNAN,Japan
1001097,20,Masuda,,Japan
1001097,20,Tonda,JPTND,Japan
1001097,20,Tokuyama,JPTKY,Japan
1001097,20,Kudamatsu,JPKUD,Japan
1001097,20,Hamada,JPHMD,Japan
1001097,20,Shiminato,JPIWK,Japan
1001097,20,Akitsu,JPAKT,Japan
1001097,20,Kanokawa,JPKKW,Japan
1001097,20,Hiroshima,JPHIJ,Japan
1001097,20,Etajima,JPETA,Japan
1001097,20,Kure,JPKRE,Japan
1001097,20,Takehara,JPTHR,Japan
1001097,20,Omishima,JPOMS,Japan
1001097,20,Itozaki,JPITO,Japan
1001097,20,Matsue,JPMTE,Japan
1001097,20,Innoshima,JPINS,Japan
1001097,20,Onomichi,JPONO,Japan
1001097,20,Matsunaga,JPMNG,Japan
1001097,20,Onomichi-Itozaki,,Japan
1001097,20,Sakaiminato,JPSMN,Japan
1001097,20,Kasaoka,JPKSA,Japan
1001097,20,Fukuyama,JPFKY,Japan
1001097,20,Oki Island,,Japan
1001097,20,Saigo,JPOKI,Japan
1001097,20,Mizushima,JPMIZ,Japan
1001097,20,Marugame,JPMAR,Japan
1001097,20,Sakaide,JPSKD,Japan
1001097,20,Hibi,JPHIB,Japan
1001097,20,Naoshima,JPNAS,Japan
1001097,20,Uno,JPUNO,Japan
1001097,20,Okayama,JPOKJ,Japan
1001097,20,Takamatsu,JPTAK,Japan
1001097,20,Aioi,JPAIO,Japan
1001097,20,Aboshi,JPABO,Japan
1001097,20,Hirohata,JPHRH,Japan
1001097,20,Shikama,JPHRH,Japan
1001097,20,Himeji,JPHIM,Japan
1001097,20,Kasumi,,Japan
1001097,20,Tokara Island,,Japan
1001097,20,Takasago,JPTSG,Japan
1001097,20,Higashi-Harima,,Japan
1001097,20,Tsuiyama,JPTYM,Japan
1001097,20,Shizuki,,Japan
1001097,20,Kobe,JPUKB,Japan
1001097,20,Miyazu,JPMIY,Japan
1001097,20,Nishinomiya,JPNYA,Japan
1001097,20,Maizuru,JPMAI,Japan
1001097,20,Maizuru Ko,,Japan
1001097,20,Amagasaki,JPAMA,Japan
1001097,20,Sakai,JPSAK,Japan
1001097,20,Hannan (Kishiwada),JPHAN,Japan
1001097,20,Uchiura,JPUCR,Japan
1001097,20,Obama,,Japan
1001097,20,Tsuruga,JPTRG,Japan
1001097,20,Fukui,JPFKJ,Japan
1001097,20,Yokkaichi,JPYKK,Japan
1001097,20,Nagoya Ko,,Japan
1001097,20,Kanazawa,JPKNZ,Japan
1001097,20,Nagoya,JPNGO,Japan
1001097,20,Kinuura,JPKNU,Japan
1001097,20,Wajima,JPWJM,Japan
1001097,20,Nanao,JPNNO,Japan
1001097,20,Fushiki,JPFSK,Japan
1001097,20,Toyama Shinko,JPTOS,Japan
1001097,20,Shanghai,CNSHA,China
1001097,20,Toyama,JPTOY,Japan
1001097,20,Wajima,,Japan
1001097,20,Toyahashi,,Japan
1001097,20,Iida,,Japan
1001097,20,Zhoushan,CNZOS,China
1001097,20,Hangzhou,,China
1001099,7,Chin Men,,China
1001099,7,Xiuyu,,China
1001099,7,Xiamen,CNXMN,China
1001099,7,Zhangzhou,CNZZU,China
1001099,7,Zhangzhou,,China
1001099,7,Tai Chung,,Taiwan
1001099,7,Fuzhou,CNFOC,China
1001099,7,Lo Hsing Ta Mao Ti,,China
1001099,7,Peng Hu,,Taiwan
1001099,7,Matsu Island,,Taiwan
1001099,7,Taichung,TWTXG,Taiwan
1001099,7,San Tu Ao,,China
1001099,7,Tan Shui,,Taiwan
1001100,20,Manzanillo,MXZLO,Mexico
1001100,20,Lazaro Cardenas,MXLZC,Mexico
1001100,20,Acapulco,MXACA,Mexico
1001100,20,Puerto Marques,,Mexico
1001101,18,Columbus,,Wake Island
1001101,18,Port Wentworth,USPWN,Wake Island
1001101,18,Port Royal,USPRL,Wake Island
1001101,18,Georgetown,USGGE,Wake Island
1001101,18,Charleston,USCHS,Wake Island
1001101,18,Savannah,USSAV,Wake Island
1001101,18,Beaufort,,Wake Island
1001101,18,Wilmington (n.cal),USILM,Wake Island
1001101,18,Darien,,Wake Island
1001101,18,Southport,,Wake Island
1001101,18,Wrightsville,USXOG,Wake Island
1001101,18,Cape Fear,USCFN,Wake Island
1001101,18,Mobile,USMOB,Wake Island
1001101,18,Brunswick,USSSI,Wake Island
1001101,18,Pensacola,USPNS,Wake Island
1001101,18,Panama City,USPFN,Wake Island
1001101,18,Saint Marks,,Wake Island
1001101,18,Kings Bay,USKBA,Wake Island
1001101,18,Pascagoula,USPGL,Wake Island
1001101,18,Fernandina Beach,USFEB,Wake Island
1001101,18,Biloxi,,Wake Island
1001101,18,Carrabelle,USCRB,Wake Island
1001101,18,Port St. Joe,USPSJ,Wake Island
1001101,18,Gulfport,USGPT,Wake Island
1001101,18,Apalachicola,USAAF,Wake Island
1001101,18,Ship Island,,Wake Island
1001101,18,Jacksonville,,Wake Island
1001101,18,Cat Island,,Wake Island
1001101,18,Saint George Island,,Wake Island
1001101,18,Mayport,,Wake Island
1001101,18,Chandeleur Island,,Wake Island
1001101,18,Freemason Island,,Wake Island
1001101,18,Point Chicot I,,Wake Island
1001101,18,Saint Augustine,,Wake Island
1001101,18,Suwannee,,Wake Island
1001101,18,Port Eads,,Wake Island
1001101,18,Shawano,USSWS,Wake Island
1001101,18,Tarpon Springs,,Wake Island
1001101,18,Canaveral Harbor,,Wake Island
1001101,18,Clearwater,USCXI,Wake Island
1001101,18,Tampa,,Wake Island
1001101,18,Port Tampa,USPOT,Wake Island
1001101,18,Port Canaveral,USPCA,Wake Island
1001101,18,Saint Petersburg,,Wake Island
1001101,18,Port Manatee,,Wake Island
1001101,18,Palmetto,USPMT,Wake Island
1001101,18,Sarasota,USSRB,Wake Island
1001101,18,Fort Pierce,USFPR,Wake Island
1001101,18,Bocagrande,USBCG,Wake Island
1001101,18,Boca Grande,USBCG,Wake Island
1001101,18,Pine Island,USPNI,Wake Island
1001101,18,Fort Myers,,Wake Island
1001101,18,Palm Beach,USPAB,Wake Island
1001101,18,Cape Romano,,Wake Island
1001101,18,Port Everglades,USPEF,Wake Island
1001101,18,Miami,,Wake Island
1001101,18,Tortuga Harbour,,Wake Island
1001101,18,Marquesas Keys,,Wake Island
1001101,18,Key West,USEYW,Wake Island
1001101,18,Sombrero Key,,Wake Island
1001101,18,Havana,CUHAV,Cuba
1001101,18,Canabas,,Cuba
1001101,18,Bahia Honda,,Cuba
1001101,18,Mariel,CUMAR,Cuba
1001101,18,La Esperanza,,Cuba
1001101,18,Matanzas,CUQMA,Cuba
1001101,18,Santa Lucia,,Cuba
1001101,18,Cardenas,CUCAR,Cuba
1001101,18,Batabano,,Cuba
1001101,18,Nueva Gerona,CUGER,Cuba
1001101,18,El Cuyo,,Mexico
1001101,18,Progreso,MXPGO,Mexico
1001101,18,Puerto Morelas,,Mexico
1001101,18,Sisal,,Mexico
1001101,18,Cozumel,MXCZM,Mexico
1001101,18,Herrero Point,,Mexico
1001101,18,Campeche,,Mexico
1001101,18,Chetumal,MXCTM,Mexico
1001101,18,Corozal,,Belize
1001101,18,Islas Santanilla,,Honduras
1001104,24,Kashima,JPKSM,Japan
1001104,24,Choshi,JPCHO,Japan
1001104,24,Nikolskoye,,Russia
1001104,24,Nikol Skoye,,Russia
1001104,24,Katsuura Ko,,Japan
1001104,24,Myedhi Island,,Russia
1001104,24,Yaene,,Japan
1001104,24,Cape Wrangell,,Wake Island
1001104,24,Massacre Bay,,Wake Island
1001104,24,Agattu Island,,Wake Island
1001104,24,Aoga Island,,Japan
1001104,24,Alcan Harbor,,Wake Island
1001104,24,Buldir Island,,Wake Island
1001104,24,Tori Island,,Japan
1001104,24,Muko,,Japan
1001104,24,Omura,,Japan
1001104,24,Haha,,Japan
1001104,24,Iwo Jima,,Japan
1001104,24,Minami Lo,,Japan
1001104,24,Pagan Island,,Northern Mariana Islands
1001104,24,Guguan Island,,Northern Mariana Islands
1001105,27,Tai Tung,,Taiwan
1001105,27,Tai Nan,,Taiwan
1001105,27,An Ping Chiang,,Taiwan
1001105,27,Kaohsiung,TWKHH,Taiwan
1001105,27,Lan Yu Island,,Taiwan
1001105,27,Hualien,TWHUN,Taiwan
1001105,27,Taichung,TWTXG,Taiwan
1001105,27,Peng Hu,,Taiwan
1001105,27,Tai Chung,,Taiwan
1001105,27,Basco,,Philippines
1001105,27,Calayan,,Philippines
1001105,27,Claveria,,Philippines
1001105,27,Pratas Island,,China
1001105,27,Dirique Inlet,,Philippines
1001105,27,Abulog,,Philippines
1001105,27,Port San Vicente,,Philippines
1001105,27,Aparri,PHAPR,Philippines
1001105,27,Laoag,PHLAO,Philippines
1001105,27,Gan Bay,,Philippines
1001105,27,Salomague,,Philippines
1001105,27,Pandan,,Philippines
1001105,27,Port San Esteban,,Philippines
1001105,27,Palanan,,Philippines
1001105,27,Casiguaran,,Philippines
1001109,9,Salina Cruz,MXSCX,Mexico
1001111,23,South Riding Point,BSSRP,The Bahamas
1001111,23,Freeport,BSFPO,The Bahamas
1001111,23,Canaveral Harbor,,Wake Island
1001111,23,Port Canaveral,USPCA,Wake Island
1001111,23,Fort Pierce,USFPR,Wake Island
1001111,23,Berry Island,,The Bahamas
1001111,23,Palm Beach,USPAB,Wake Island
1001111,23,Saint Augustine,,Wake Island
1001111,23,Nassau,BSNAS,The Bahamas
1001111,23,Charleston,USCHS,Wake Island
1001111,23,Mayport,,Wake Island
1001111,23,Bimini Island,,The Bahamas
1001111,23,Clifton Point,BSCLP,The Bahamas
1001111,23,Fernandina Beach,USFEB,Wake Island
1001111,23,Georgetown,USGGE,Wake Island
1001111,23,Beaufort,,Wake Island
1001111,23,Nicholls Town,,The Bahamas
1001111,23,Kings Bay,USKBA,Wake Island
1001111,23,Jacksonville,,Wake Island
1001111,23,Port Royal,USPRL,Wake Island
1001111,23,Brunswick,USSSI,Wake Island
1001111,23,Port Everglades,USPEF,Wake Island
1001111,23,Savannah,USSAV,Wake Island
1001111,23,Darien,,Wake Island
1001111,23,Ocean Cay Terminal,,The Bahamas
1001111,23,Andros Town,BSASD,The Bahamas
1001111,23,Port Wentworth,USPWN,Wake Island
1001111,23,Miami,,Wake Island
1001111,23,Tampa,,Wake Island
1001111,23,Fort Myers,,Wake Island
1001111,23,Port Tampa,USPOT,Wake Island
1001111,23,Port Manatee,,Wake Island
1001111,23,Saint Petersburg,,Wake Island
1001111,23,Tarpon Springs,,Wake Island
1001111,23,Palmetto,USPMT,Wake Island
1001111,23,Pine Island,USPNI,Wake Island
1001111,23,Sarasota,USSRB,Wake Island
1001111,23,Clearwater,USCXI,Wake Island
1001111,23,Bocagrande,USBCG,Wake Island
1001111,23,Boca Grande,USBCG,Wake Island
1001111,23,Suwannee,,Wake Island
1001111,23,Cape Romano,,Wake Island
1001111,23,Sombrero Key,,Wake Island
1001111,23,Saint Marks,,Wake Island
1001111,23,Key West,USEYW,Wake Island
1001111,23,Marquesas Keys,,Wake Island
1001111,23,Carrabelle,USCRB,Wake Island
1001111,23,Saint George Island,,Wake Island
1001111,23,Apalachicola,USAAF,Wake Island
1001111,23,Tortuga Harbour,,Wake Island
1001111,23,Port St. Joe,USPSJ,Wake Island
1001111,23,Somerset,,Bermuda
1001111,23,Bermuda,,Bermuda
1001111,23,Hamilton,BMBDA,Bermuda
1001111,23,Saint George,BMSGE,Bermuda
1001111,23,Puerto Morelas,,Mexico
1001111,23,El Cuyo,,Mexico
1001111,23,Progreso,MXPGO,Mexico
1001111,23,Sisal,,Mexico
1001113,8,Ciudad Del Carmen,MXCME,Mexico
1001113,8,Campeche,,Mexico
1001113,8,Livingston,GTLIV,Guatemala
1001113,8,Santo Tomas de Castilla,GTSTC,Guatemala
1001113,8,Puerto Barrios,GTPBR,Guatemala
1001113,8,Stann Creek,,Belize
1001113,8,Belize,BZBZE,Belize
1001113,8,Corozal,,Belize
1001113,8,Puerto Cortes,HNPCR,Honduras
1001113,8,Chetumal,MXCTM,Mexico
1001113,8,Tela,HNTEA,Honduras
1001113,8,Utila Island,,Honduras
1001113,8,Puerto Este,,Honduras
1001113,8,La Ceiba,HNLCE,Honduras
1001113,8,Herrero Point,,Mexico
1001113,8,Coxen Bay,,Honduras
1001113,8,Puerto Castilla,HNPCA,Honduras
1001113,8,Trujillo,,Honduras
1001113,8,Guanaja Island,HNGJA,Honduras
1001113,8,Cozumel,MXCZM,Mexico
1001113,8,Islas Santanilla,,Honduras
1001114,6,Matthew Town,,The Bahamas
1001114,6,Baracoa,CUBCA,Cuba
1001114,6,Grand Turk,TCGDT,Turks and Caicos Islands
1001115,1,Guiuan,,Philippines
1001115,1,Borongan,PHBGV,Philippines
1001115,1,Gen Macarthur,,Philippines
1001115,1,Laoang,,Philippines
1001115,1,Numancia,,Philippines
1001115,1,Catbalogan,PHCTS,Philippines
1001115,1,Tacloban,PHTAC,Philippines
1001115,1,Tanauan,,Philippines
1001115,1,Talalora,,Philippines
1001115,1,Lagome,,Philippines
1001115,1,Calbayog,,Philippines
1001115,1,Virac Catanduanes Island,,Philippines
1001115,1,Liloan,,Philippines
1001115,1,Sogod,,Philippines
1001115,1,Baybay,,Philippines
1001115,1,Malitbog,,Philippines
1001115,1,Tabaco / Legaspi,PHTBC,Philippines
1001115,1,Leyte,,Philippines
1001115,1,Ormoc,,Philippines
1001115,1,Calubian,,Philippines
1001115,1,Sorsogon,,Philippines
1001115,1,Casiguran,,Philippines
1001115,1,Port Bello,,Philippines
1001115,1,Coal Harbor,,Philippines
1001115,1,Merida,,Philippines
1001115,1,Arevalo,,Philippines
1001115,1,Pilar,,Philippines
1001115,1,San Isidro,,Philippines
1001115,1,Maasin,,Philippines
1001115,1,Villaba,,Philippines
1001115,1,Isabel,PHISL,Philippines
1001115,1,Palompon,,Philippines
1001115,1,Bulan,,Philippines
1001115,1,Tabaco,,Philippines
1001115,1,Magallanes Bay,,Philippines
1001115,1,Legazpi,PHLGP,Philippines
1001115,1,Donsol,,Philippines
1001115,1,Masbate,PHMBT,Philippines
1001115,1,Masbate,,Philippines
1001115,1,Bogo,,Philippines
1001115,1,Tandoc,PHTDC,Philippines
1001115,1,Borbon,,Philippines
1001115,1,Sogod Bay,,Philippines
1001115,1,Carmen,,Philippines
1001115,1,Santa Fe,,Philippines
1001115,1,Port Barrera,,Philippines
1001115,1,Jetafe,,Philippines
1001115,1,Tuburan,,Philippines
1001115,1,Mercedes,,Philippines
1001115,1,Mandaue,,Philippines
1001115,1,Cebu,PHCEB,Philippines
1001115,1,Paracale,,Philippines
1001115,1,Sangi,PHSNG,Philippines
1001115,1,Sangi,PHTLD,Philippines
1001115,1,Jose Panganiban,PHJPM,Philippines
1001115,1,Dahikan,,Philippines
1001115,1,Pinamungajan,,Philippines
1001115,1,Cadiz,,Philippines
1001115,1,Port Ragay,,Philippines
1001115,1,Carlos,,Philippines
1001115,1,Palanan,,Philippines
1001115,1,Aloneros,,Philippines
1001115,1,Catanauan,,Philippines
1001115,1,Port Capiz,,Philippines
1001115,1,Silay,,Philippines
1001115,1,Hondagua / Siain,PHHON,Philippines
1001115,1,Bacolod,PHBCD,Philippines
1001115,1,Casiguaran,,Philippines
1001115,1,General Luna,,Philippines
1001115,1,Romblon Island,PHRLN,Philippines
1001115,1,Santa Cruz,,Philippines
1001115,1,Siain,,Philippines
1001115,1,Pulupandan,PHPUL,Philippines
1001115,1,Polillo Island,,Philippines
1001115,1,Unisan,,Philippines
1001115,1,Antimonan,PHATI,Philippines
1001115,1,Cartagena / Iloilo,PHCRT,Philippines
1001115,1,Port San Vicente,,Philippines
1001115,1,Port Balancan,,Philippines
1001115,1,Gasan,PHGAS,Philippines
1001115,1,Mauban,,Philippines
1001115,1,Odiongan,,Philippines
1001115,1,Pandan,,Philippines
1001115,1,Puerto Real,,Philippines
1001115,1,Baler,,Philippines
1001115,1,Myako Island,,Japan
1001115,1,Hirara,,Japan
1001115,1,Aparri,PHAPR,Philippines
1001115,1,Pinamalayan,,Philippines
1001115,1,Bongabong,,Philippines
1001115,1,San Jose de Buenavista,PHSJI,Philippines
1001115,1,Abulog,,Philippines
1001115,1,Basco,,Philippines
1001115,1,Calapan / Batangas,PHCLP,Philippines
1001115,1,Semirara Island,,Philippines
1001115,1,Batangas,PHBLG,Philippines
1001115,1,Tabangoa,PHTBG,Philippines
1001115,1,Calayan,,Philippines
1001115,1,Manila,PHMNL,Philippines
1001115,1,Ishigaki,,Japan
